city,forecast_dt,weather_main,weather_desc,temp,temp_min,temp_max,pressure,humidity,wind_speed,wind_deg,clouds
Seoul,2025-10-29T12:00:00Z,Clear,clear sky,13.78,13.78,13.83,1027,61,0.23,5,1
Seoul,2025-10-29T15:00:00Z,Clear,clear sky,13.02,12.65,13.02,1027,59,0.61,81,1
Seoul,2025-10-29T18:00:00Z,Clear,clear sky,11.74,11.74,11.74,1028,57,0.76,76,10
Seoul,2025-10-29T21:00:00Z,Clouds,broken clouds,10.99,10.99,10.99,1027,59,0.85,124,59
Seoul,2025-10-30T00:00:00Z,Clouds,broken clouds,12.28,12.28,12.28,1028,53,0.95,141,79
Seoul,2025-10-30T03:00:00Z,Clouds,overcast clouds,15.75,15.75,15.75,1027,39,0.76,199,100
Seoul,2025-10-30T06:00:00Z,Clouds,overcast clouds,17.32,17.32,17.32,1024,39,1.9,271,99
Seoul,2025-10-30T09:00:00Z,Clouds,overcast clouds,15.7,15.7,15.7,1025,55,2.02,274,100
Seoul,2025-10-30T12:00:00Z,Clouds,overcast clouds,14.69,14.69,14.69,1025,62,0.51,225,89
Seoul,2025-10-30T15:00:00Z,Clouds,overcast clouds,14.31,14.31,14.31,1025,62,0.1,163,100
Seoul,2025-10-30T18:00:00Z,Clouds,overcast clouds,13.89,13.89,13.89,1024,64,0.58,73,100
Seoul,2025-10-30T21:00:00Z,Clouds,overcast clouds,13.01,13.01,13.01,1022,67,1.22,32,100
Seoul,2025-10-31T00:00:00Z,Clouds,overcast clouds,14.17,14.17,14.17,1022,59,0.76,65,98
Seoul,2025-10-31T03:00:00Z,Clouds,broken clouds,17.79,17.79,17.79,1020,48,1.2,11,75
Seoul,2025-10-31T06:00:00Z,Clouds,overcast clouds,18.79,18.79,18.79,1018,43,1.83,261,88
Seoul,2025-10-31T09:00:00Z,Rain,light rain,14.84,14.84,14.84,1018,69,4.78,313,99
Seoul,2025-10-31T12:00:00Z,Rain,light rain,13.38,13.38,13.38,1017,73,2.17,359,100
Seoul,2025-10-31T15:00:00Z,Clouds,overcast clouds,13.9,13.9,13.9,1016,64,1.76,268,100
Seoul,2025-10-31T18:00:00Z,Clouds,overcast clouds,12.97,12.97,12.97,1014,75,1.12,319,89
Seoul,2025-10-31T21:00:00Z,Rain,light rain,12.26,12.26,12.26,1013,80,0.81,318,52
Seoul,2025-11-01T00:00:00Z,Clouds,scattered clouds,12.55,12.55,12.55,1014,75,2.5,315,35
Seoul,2025-11-01T03:00:00Z,Clouds,few clouds,15.47,15.47,15.47,1013,39,4.4,289,16
Seoul,2025-11-01T06:00:00Z,Clouds,few clouds,15.67,15.67,15.67,1011,47,6.76,265,11
Seoul,2025-11-01T09:00:00Z,Clear,clear sky,14.25,14.25,14.25,1011,42,6.32,282,4
Seoul,2025-11-01T12:00:00Z,Clear,clear sky,12.93,12.93,12.93,1013,45,5.94,284,4
Seoul,2025-11-01T15:00:00Z,Clouds,few clouds,11.23,11.23,11.23,1013,46,5.57,293,13
Seoul,2025-11-01T18:00:00Z,Clear,clear sky,9.09,9.09,9.09,1015,34,6.36,305,10
Seoul,2025-11-01T21:00:00Z,Clear,clear sky,6.89,6.89,6.89,1017,33,5.91,305,1
Seoul,2025-11-02T00:00:00Z,Clear,clear sky,6.34,6.34,6.34,1019,34,6.79,298,0
Seoul,2025-11-02T03:00:00Z,Clear,clear sky,8.52,8.52,8.52,1019,36,7.21,294,0
Seoul,2025-11-02T06:00:00Z,Clear,clear sky,9.61,9.61,9.61,1019,38,6.93,299,2
Seoul,2025-11-02T09:00:00Z,Clear,clear sky,7.96,7.96,7.96,1021,46,5.36,306,5
Seoul,2025-11-02T12:00:00Z,Clear,clear sky,6.96,6.96,6.96,1023,45,3.96,308,3
Seoul,2025-11-02T15:00:00Z,Clear,clear sky,5.88,5.88,5.88,1025,43,3.43,295,0
Seoul,2025-11-02T18:00:00Z,Clear,clear sky,5.27,5.27,5.27,1026,45,1.22,301,0
Seoul,2025-11-02T21:00:00Z,Clear,clear sky,5.17,5.17,5.17,1027,45,0.55,318,0
Seoul,2025-11-03T00:00:00Z,Clear,clear sky,6.35,6.35,6.35,1028,41,0.51,63,0
Seoul,2025-11-03T03:00:00Z,Clear,clear sky,10.12,10.12,10.12,1028,28,0.63,250,0
Seoul,2025-11-03T06:00:00Z,Clear,clear sky,11.9,11.9,11.9,1027,22,1.88,277,0
Seoul,2025-11-03T09:00:00Z,Clear,clear sky,11.18,11.18,11.18,1027,24,1.52,291,0
Washington D.C.,2025-10-29T12:00:00Z,Clouds,overcast clouds,9.04,8.29,9.04,1018,73,2.96,52,96
Washington D.C.,2025-10-29T15:00:00Z,Clouds,overcast clouds,9.62,9.62,9.73,1019,73,2.91,54,100
Washington D.C.,2025-10-29T18:00:00Z,Clouds,overcast clouds,12.9,12.9,12.9,1017,63,4.31,75,100
Washington D.C.,2025-10-29T21:00:00Z,Clouds,overcast clouds,13.02,13.02,13.02,1016,68,4.6,81,100
Washington D.C.,2025-10-30T00:00:00Z,Rain,light rain,11.33,11.33,11.33,1015,78,5.29,82,100
Washington D.C.,2025-10-30T03:00:00Z,Rain,light rain,12.73,12.73,12.73,1012,91,5.61,73,100
Washington D.C.,2025-10-30T06:00:00Z,Rain,moderate rain,13.14,13.14,13.14,1009,94,6.79,90,100
Washington D.C.,2025-10-30T09:00:00Z,Rain,moderate rain,14.18,14.18,14.18,1005,95,7.5,99,100
Washington D.C.,2025-10-30T12:00:00Z,Rain,moderate rain,16.98,16.98,16.98,1001,96,7.41,122,100
Washington D.C.,2025-10-30T15:00:00Z,Rain,heavy intensity rain,15.8,15.8,15.8,1001,98,0.81,202,100
Washington D.C.,2025-10-30T18:00:00Z,Rain,light rain,16.66,16.66,16.66,998,94,1.9,219,100
Washington D.C.,2025-10-30T21:00:00Z,Rain,light rain,16.54,16.54,16.54,998,76,3.25,245,75
Washington D.C.,2025-10-31T00:00:00Z,Rain,light rain,12.9,12.9,12.9,999,83,3.28,302,42
Washington D.C.,2025-10-31T03:00:00Z,Clouds,broken clouds,12.03,12.03,12.03,999,71,3.55,268,62
Washington D.C.,2025-10-31T06:00:00Z,Clouds,scattered clouds,10.19,10.19,10.19,999,76,3.86,252,39
Washington D.C.,2025-10-31T09:00:00Z,Clouds,overcast clouds,12.07,12.07,12.07,999,68,5.89,271,100
Washington D.C.,2025-10-31T12:00:00Z,Clouds,overcast clouds,11.33,11.33,11.33,1001,62,6.61,278,91
Washington D.C.,2025-10-31T15:00:00Z,Clouds,overcast clouds,11.31,11.31,11.31,1004,64,6.53,271,92
Washington D.C.,2025-10-31T18:00:00Z,Clouds,broken clouds,15.26,15.26,15.26,1005,41,6.92,278,75
Washington D.C.,2025-10-31T21:00:00Z,Clear,clear sky,14.32,14.32,14.32,1007,45,6.25,279,4
Washington D.C.,2025-11-01T00:00:00Z,Clear,clear sky,12.07,12.07,12.07,1010,58,5.53,276,4
Washington D.C.,2025-11-01T03:00:00Z,Clear,clear sky,10.9,10.9,10.9,1013,60,4.09,284,5
Washington D.C.,2025-11-01T06:00:00Z,Clear,clear sky,9.84,9.84,9.84,1014,66,3.66,268,3
Washington D.C.,2025-11-01T09:00:00Z,Clear,clear sky,8.36,8.36,8.36,1016,67,2.82,255,5
Washington D.C.,2025-11-01T12:00:00Z,Clear,clear sky,8.06,8.06,8.06,1018,65,2.87,271,6
Washington D.C.,2025-11-01T15:00:00Z,Clear,clear sky,13.37,13.37,13.37,1019,48,4.58,293,0
Washington D.C.,2025-11-01T18:00:00Z,Clear,clear sky,16.14,16.14,16.14,1019,37,4.77,301,0
Washington D.C.,2025-11-01T21:00:00Z,Clouds,few clouds,16.16,16.16,16.16,1019,40,2.17,304,13
Washington D.C.,2025-11-02T00:00:00Z,Clouds,few clouds,12.46,12.46,12.46,1021,53,0.98,268,23
Washington D.C.,2025-11-02T03:00:00Z,Clouds,overcast clouds,11.06,11.06,11.06,1023,58,1.03,267,93
Washington D.C.,2025-11-02T06:00:00Z,Clouds,overcast clouds,10.29,10.29,10.29,1024,61,1.08,293,95
Washington D.C.,2025-11-02T09:00:00Z,Clouds,overcast clouds,9.96,9.96,9.96,1025,64,1.26,297,100
Washington D.C.,2025-11-02T12:00:00Z,Clouds,overcast clouds,9.9,9.9,9.9,1027,65,1.21,332,98
Washington D.C.,2025-11-02T15:00:00Z,Clouds,overcast clouds,14.27,14.27,14.27,1028,48,1,344,100
Washington D.C.,2025-11-02T18:00:00Z,Clouds,overcast clouds,17.69,17.69,17.69,1027,35,1.03,319,93
Washington D.C.,2025-11-02T21:00:00Z,Clouds,few clouds,17.12,17.12,17.12,1027,38,0.21,281,13
Washington D.C.,2025-11-03T00:00:00Z,Clouds,scattered clouds,13.33,13.33,13.33,1028,52,1.51,74,30
Washington D.C.,2025-11-03T03:00:00Z,Clouds,scattered clouds,11.8,11.8,11.8,1029,60,1.15,94,39
Washington D.C.,2025-11-03T06:00:00Z,Clouds,scattered clouds,10.55,10.55,10.55,1030,65,0.91,126,33
Washington D.C.,2025-11-03T09:00:00Z,Clouds,scattered clouds,9.65,9.65,9.65,1029,67,0.72,57,38
Paris,2025-10-29T12:00:00Z,Clouds,scattered clouds,12.97,12.97,13.39,1004,81,2.56,176,33
Paris,2025-10-29T15:00:00Z,Rain,light rain,13.55,13.55,13.94,1003,72,4.41,205,67
Paris,2025-10-29T18:00:00Z,Rain,moderate rain,11.91,11.91,11.91,1001,90,3.19,222,100
Paris,2025-10-29T21:00:00Z,Rain,light rain,11.59,11.59,11.59,1002,87,4.02,254,100
Paris,2025-10-30T00:00:00Z,Clouds,overcast clouds,11.06,11.06,11.06,1005,81,4.48,279,96
Paris,2025-10-30T03:00:00Z,Rain,light rain,11.78,11.78,11.78,1008,82,1.92,295,94
Paris,2025-10-30T06:00:00Z,Clouds,overcast clouds,10.45,10.45,10.45,1010,80,2.22,255,88
Paris,2025-10-30T09:00:00Z,Clouds,broken clouds,11.47,11.47,11.47,1013,61,1.97,215,79
Paris,2025-10-30T12:00:00Z,Clouds,broken clouds,14.25,14.25,14.25,1012,48,3.2,203,54
Paris,2025-10-30T15:00:00Z,Clouds,overcast clouds,15.17,15.17,15.17,1011,52,3.07,194,90
Paris,2025-10-30T18:00:00Z,Clouds,overcast clouds,13.83,13.83,13.83,1011,62,3.21,175,95
Paris,2025-10-30T21:00:00Z,Clouds,overcast clouds,12.65,12.65,12.65,1011,71,2.94,165,100
Paris,2025-10-31T00:00:00Z,Clouds,overcast clouds,12,12,12,1011,78,3.15,168,100
Paris,2025-10-31T03:00:00Z,Clouds,overcast clouds,11.84,11.84,11.84,1010,82,2.92,177,100
Paris,2025-10-31T06:00:00Z,Clouds,overcast clouds,12.16,12.16,12.16,1011,82,3.01,180,100
Paris,2025-10-31T09:00:00Z,Clouds,overcast clouds,13.81,13.81,13.81,1011,73,3.42,190,100
Paris,2025-10-31T12:00:00Z,Clouds,overcast clouds,15.39,15.39,15.39,1011,69,2.9,191,100
Paris,2025-10-31T15:00:00Z,Clouds,overcast clouds,16.84,16.84,16.84,1011,64,3.65,176,100
Paris,2025-10-31T18:00:00Z,Clouds,overcast clouds,15.91,15.91,15.91,1011,66,2.84,178,97
Paris,2025-10-31T21:00:00Z,Rain,light rain,15.75,15.75,15.75,1011,76,3.05,184,100
Paris,2025-11-01T00:00:00Z,Rain,light rain,14.7,14.7,14.7,1010,90,4.03,170,100
Paris,2025-11-01T03:00:00Z,Rain,light rain,15.19,15.19,15.19,1008,82,5.08,178,100
Paris,2025-11-01T06:00:00Z,Clouds,overcast clouds,15.42,15.42,15.42,1008,78,5.64,182,100
Paris,2025-11-01T09:00:00Z,Clouds,overcast clouds,16.7,16.7,16.7,1008,72,6.45,201,100
Paris,2025-11-01T12:00:00Z,Rain,moderate rain,15.25,15.25,15.25,1008,86,6.43,233,100
Paris,2025-11-01T15:00:00Z,Rain,moderate rain,14.64,14.64,14.64,1012,75,5.71,226,100
Paris,2025-11-01T18:00:00Z,Clouds,overcast clouds,13.66,13.66,13.66,1015,72,4.47,216,85
Paris,2025-11-01T21:00:00Z,Clouds,overcast clouds,12.83,12.83,12.83,1016,73,4.93,214,96
Paris,2025-11-02T00:00:00Z,Clouds,overcast clouds,12.18,12.18,12.18,1015,79,4.44,213,95
Paris,2025-11-02T03:00:00Z,Clouds,overcast clouds,11.74,11.74,11.74,1013,81,5.04,207,100
Paris,2025-11-02T06:00:00Z,Clouds,overcast clouds,11.6,11.6,11.6,1013,82,4.39,205,100
Paris,2025-11-02T09:00:00Z,Rain,light rain,12.83,12.83,12.83,1012,77,4.57,229,100
Paris,2025-11-02T12:00:00Z,Rain,light rain,13.33,13.33,13.33,1012,70,4.66,244,99
Paris,2025-11-02T15:00:00Z,Rain,light rain,13.5,13.5,13.5,1013,65,4.05,285,94
Paris,2025-11-02T18:00:00Z,Clouds,broken clouds,12.07,12.07,12.07,1016,64,2.97,277,57
Paris,2025-11-02T21:00:00Z,Clear,clear sky,10.76,10.76,10.76,1018,69,2.83,255,6
Paris,2025-11-03T00:00:00Z,Clear,clear sky,9.94,9.94,9.94,1019,70,2.89,249,4
Paris,2025-11-03T03:00:00Z,Clear,clear sky,9.33,9.33,9.33,1020,76,2.96,247,2
Paris,2025-11-03T06:00:00Z,Clouds,few clouds,8.74,8.74,8.74,1021,74,2.68,239,11
Paris,2025-11-03T09:00:00Z,Clouds,broken clouds,10.01,10.01,10.01,1023,68,2.99,241,52
Suzhou,2025-10-29T12:00:00Z,Clouds,overcast clouds,19.47,18.25,19.47,1023,52,4.4,106,92
Suzhou,2025-10-29T15:00:00Z,Clouds,overcast clouds,18.75,18.09,18.75,1023,58,4.11,118,97
Suzhou,2025-10-29T18:00:00Z,Clouds,overcast clouds,17.69,17.69,17.69,1023,68,3.33,112,100
Suzhou,2025-10-29T21:00:00Z,Clouds,overcast clouds,17.24,17.24,17.24,1022,73,3.05,109,100
Suzhou,2025-10-30T00:00:00Z,Clouds,overcast clouds,19.51,19.51,19.51,1023,64,3.88,100,93
Suzhou,2025-10-30T03:00:00Z,Clouds,overcast clouds,22.14,22.14,22.14,1022,56,4.6,122,100
Suzhou,2025-10-30T06:00:00Z,Rain,light rain,19.84,19.84,19.84,1020,71,4.9,171,100
Suzhou,2025-10-30T09:00:00Z,Rain,light rain,18.49,18.49,18.49,1021,75,2.94,162,100
Suzhou,2025-10-30T12:00:00Z,Rain,light rain,18.01,18.01,18.01,1022,76,1.15,151,100
Suzhou,2025-10-30T15:00:00Z,Rain,light rain,17.45,17.45,17.45,1022,82,1.67,190,99
Suzhou,2025-10-30T18:00:00Z,Clouds,overcast clouds,16.78,16.78,16.78,1021,85,0.92,172,100
Suzhou,2025-10-30T21:00:00Z,Clouds,overcast clouds,16.64,16.64,16.64,1021,84,0.55,311,100
Suzhou,2025-10-31T00:00:00Z,Clouds,broken clouds,18.03,18.03,18.03,1022,77,1.42,318,54
Suzhou,2025-10-31T03:00:00Z,Clear,clear sky,21.72,21.72,21.72,1021,57,2.5,313,9
Suzhou,2025-10-31T06:00:00Z,Clouds,broken clouds,22.08,22.08,22.08,1019,53,3.85,284,53
Suzhou,2025-10-31T09:00:00Z,Clouds,overcast clouds,20.56,20.56,20.56,1019,58,2.71,267,100
Suzhou,2025-10-31T12:00:00Z,Clouds,overcast clouds,20.27,20.27,20.27,1020,62,3.26,282,100
Suzhou,2025-10-31T15:00:00Z,Rain,light rain,19.67,19.67,19.67,1021,66,3.38,296,100
Suzhou,2025-10-31T18:00:00Z,Clouds,overcast clouds,18.44,18.44,18.44,1020,71,2.44,310,100
Suzhou,2025-10-31T21:00:00Z,Clouds,overcast clouds,17.41,17.41,17.41,1020,73,2.52,319,100
Suzhou,2025-11-01T00:00:00Z,Clouds,overcast clouds,18.36,18.36,18.36,1021,65,3.07,322,100
Suzhou,2025-11-01T03:00:00Z,Clouds,overcast clouds,21.26,21.26,21.26,1021,42,3.81,306,99
Suzhou,2025-11-01T06:00:00Z,Clouds,overcast clouds,22.42,22.42,22.42,1018,31,3.92,298,99
Suzhou,2025-11-01T09:00:00Z,Clouds,overcast clouds,19.91,19.91,19.91,1019,36,2.52,349,100
Suzhou,2025-11-01T12:00:00Z,Clouds,overcast clouds,18.5,18.5,18.5,1020,39,2.1,19,100
Suzhou,2025-11-01T15:00:00Z,Clouds,overcast clouds,17.87,17.87,17.87,1021,42,1.22,37,100
Suzhou,2025-11-01T18:00:00Z,Clouds,overcast clouds,17.1,17.1,17.1,1021,43,0.6,351,100
Suzhou,2025-11-01T21:00:00Z,Clouds,overcast clouds,16.28,16.28,16.28,1021,44,0.66,31,100
Suzhou,2025-11-02T00:00:00Z,Clouds,overcast clouds,17.81,17.81,17.81,1023,41,1.78,7,100
Suzhou,2025-11-02T03:00:00Z,Clouds,overcast clouds,21.2,21.2,21.2,1024,41,2.76,14,87
Suzhou,2025-11-02T06:00:00Z,Clouds,broken clouds,22.08,22.08,22.08,1022,42,4.96,19,80
Suzhou,2025-11-02T09:00:00Z,Clouds,overcast clouds,17.87,17.87,17.87,1025,48,5.5,40,100
Suzhou,2025-11-02T12:00:00Z,Clouds,overcast clouds,15.03,15.03,15.03,1027,59,5.14,43,92
Suzhou,2025-11-02T15:00:00Z,Clouds,few clouds,13.45,13.45,13.45,1028,58,3.93,43,13
Suzhou,2025-11-02T18:00:00Z,Clouds,few clouds,12.18,12.18,12.18,1028,59,3.2,31,22
Suzhou,2025-11-02T21:00:00Z,Clouds,scattered clouds,11.42,11.42,11.42,1028,63,2.82,40,34
Suzhou,2025-11-03T00:00:00Z,Clouds,scattered clouds,13.32,13.32,13.32,1029,58,2.77,60,43
Suzhou,2025-11-03T03:00:00Z,Clouds,overcast clouds,17.14,17.14,17.14,1028,40,2.85,67,96
Suzhou,2025-11-03T06:00:00Z,Clouds,overcast clouds,19.03,19.03,19.03,1025,33,3.1,63,95
Suzhou,2025-11-03T09:00:00Z,Clouds,overcast clouds,16.92,16.92,16.92,1025,42,2.89,84,100
Toronto,2025-10-29T12:00:00Z,Clouds,few clouds,4.88,4.88,6.13,1024,74,3.62,29,14
Toronto,2025-10-29T15:00:00Z,Clouds,scattered clouds,6.68,6.68,7.89,1024,69,3.4,58,49
Toronto,2025-10-29T18:00:00Z,Clouds,broken clouds,21.14,21.14,21.14,1021,63,3.62,80,63
Toronto,2025-10-29T21:00:00Z,Clouds,few clouds,20.87,20.87,20.87,1020,62,3.45,85,23
Toronto,2025-10-30T00:00:00Z,Clouds,scattered clouds,9.05,9.05,9.05,1020,65,2.83,76,29
Toronto,2025-10-30T03:00:00Z,Clouds,overcast clouds,8.77,8.77,8.77,1018,66,2.95,80,100
Toronto,2025-10-30T06:00:00Z,Clouds,overcast clouds,8.49,8.49,8.49,1017,67,3.32,72,99
Toronto,2025-10-30T09:00:00Z,Clouds,overcast clouds,8.03,8.03,8.03,1015,72,4.06,78,98
Toronto,2025-10-30T12:00:00Z,Clouds,overcast clouds,7.76,7.76,7.76,1014,75,4.13,71,99
Toronto,2025-10-30T15:00:00Z,Rain,light rain,7.91,7.91,7.91,1012,84,4.96,70,100
Toronto,2025-10-30T18:00:00Z,Rain,light rain,7.83,7.83,7.83,1008,89,6,57,100
Toronto,2025-10-30T21:00:00Z,Rain,light rain,6.86,6.86,6.86,1005,84,5.75,40,100
Toronto,2025-10-31T00:00:00Z,Rain,light rain,6.12,6.12,6.12,1004,86,5.34,39,100
Toronto,2025-10-31T03:00:00Z,Rain,light rain,5.62,5.62,5.62,1002,87,4.81,15,100
Toronto,2025-10-31T06:00:00Z,Rain,moderate rain,5.76,5.76,5.76,1000,89,5.51,0,100
Toronto,2025-10-31T09:00:00Z,Rain,light rain,5.82,5.82,5.82,998,88,5.28,345,100
Toronto,2025-10-31T12:00:00Z,Rain,light rain,5.02,5.02,5.02,999,92,5.59,335,100
Toronto,2025-10-31T15:00:00Z,Rain,moderate rain,5.25,5.25,5.25,999,92,6.46,322,100
Toronto,2025-10-31T18:00:00Z,Rain,light rain,7.58,7.58,7.58,1001,72,6.65,312,100
Toronto,2025-10-31T21:00:00Z,Clouds,overcast clouds,7.97,7.97,7.97,1003,67,6.59,309,100
Toronto,2025-11-01T00:00:00Z,Clouds,overcast clouds,7.41,7.41,7.41,1007,63,5.59,298,100
Toronto,2025-11-01T03:00:00Z,Clouds,overcast clouds,7.13,7.13,7.13,1009,60,4.27,296,100
Toronto,2025-11-01T06:00:00Z,Clouds,overcast clouds,6.54,6.54,6.54,1011,68,3.71,286,100
Toronto,2025-11-01T09:00:00Z,Clouds,overcast clouds,5.94,5.94,5.94,1012,68,2.85,303,100
Toronto,2025-11-01T12:00:00Z,Clouds,overcast clouds,5.15,5.15,5.15,1015,69,2.2,303,92
Toronto,2025-11-01T15:00:00Z,Clouds,broken clouds,6.17,6.17,6.17,1017,64,2.87,331,75
Toronto,2025-11-01T18:00:00Z,Clouds,broken clouds,7.98,7.98,7.98,1018,57,2.98,336,76
Toronto,2025-11-01T21:00:00Z,Clouds,broken clouds,7.97,7.97,7.97,1019,58,3.26,326,67
Toronto,2025-11-02T00:00:00Z,Clouds,broken clouds,6.69,6.69,6.69,1022,58,2.74,347,80
Toronto,2025-11-02T03:00:00Z,Clouds,scattered clouds,5.35,5.35,5.35,1023,60,2.18,350,42
Toronto,2025-11-02T06:00:00Z,Clouds,scattered clouds,4.42,4.42,4.42,1024,64,1.76,330,39
Toronto,2025-11-02T09:00:00Z,Clouds,broken clouds,3.86,3.86,3.86,1026,64,1.7,328,79
Toronto,2025-11-02T12:00:00Z,Clouds,broken clouds,3.5,3.5,3.5,1028,66,1.14,335,80
Toronto,2025-11-02T15:00:00Z,Clear,clear sky,6.21,6.21,6.21,1029,52,0.63,301,9
Toronto,2025-11-02T18:00:00Z,Clear,clear sky,9.34,9.34,9.34,1028,44,1.04,238,7
Toronto,2025-11-02T21:00:00Z,Clouds,broken clouds,9.89,9.89,9.89,1027,49,2.8,204,80
Toronto,2025-11-03T00:00:00Z,Clouds,broken clouds,8.94,8.94,8.94,1029,55,1.33,205,84
Toronto,2025-11-03T03:00:00Z,Clouds,few clouds,7.64,7.64,7.64,1029,61,1.66,276,19
Toronto,2025-11-03T06:00:00Z,Clouds,few clouds,6.44,6.44,6.44,1029,67,1.73,257,13
Toronto,2025-11-03T09:00:00Z,Clear,clear sky,5.81,5.81,5.81,1028,72,1.52,256,6
New York,2025-10-29T12:00:00Z,Clouds,overcast clouds,9.54,9.54,9.91,1021,69,5.44,31,100
New York,2025-10-29T15:00:00Z,Clouds,overcast clouds,10.46,10.46,11.01,1021,65,5.46,47,100
New York,2025-10-29T18:00:00Z,Clouds,overcast clouds,12.4,12.4,12.4,1020,61,4.76,62,100
New York,2025-10-29T21:00:00Z,Clouds,overcast clouds,12.85,12.85,12.85,1019,61,5.35,69,96
New York,2025-10-30T00:00:00Z,Clouds,overcast clouds,12.39,12.39,12.39,1020,66,4.92,75,94
New York,2025-10-30T03:00:00Z,Clouds,scattered clouds,11.4,11.4,11.4,1019,73,5.08,79,49
New York,2025-10-30T06:00:00Z,Clouds,broken clouds,11.64,11.64,11.64,1016,78,6.26,61,75
New York,2025-10-30T09:00:00Z,Rain,light rain,12.2,12.2,12.2,1015,80,6.88,82,100
New York,2025-10-30T12:00:00Z,Rain,light rain,13.12,13.12,13.12,1013,77,8.51,87,100
New York,2025-10-30T15:00:00Z,Rain,light rain,14.02,14.02,14.02,1010,77,10.14,101,100
New York,2025-10-30T18:00:00Z,Rain,light rain,14.48,14.48,14.48,1005,81,10.53,100,100
New York,2025-10-30T21:00:00Z,Rain,light rain,14.88,14.88,14.88,1001,86,11.14,111,100
New York,2025-10-31T00:00:00Z,Rain,moderate rain,15.27,15.27,15.27,998,94,10.34,116,100
New York,2025-10-31T03:00:00Z,Rain,moderate rain,15.53,15.53,15.53,996,95,7.16,117,100
New York,2025-10-31T06:00:00Z,Rain,moderate rain,15.33,15.33,15.33,992,95,4.52,178,99
New York,2025-10-31T09:00:00Z,Rain,light rain,12.23,12.23,12.23,992,83,7.77,249,78
New York,2025-10-31T12:00:00Z,Clouds,scattered clouds,10.51,10.51,10.51,993,82,7.6,247,41
New York,2025-10-31T15:00:00Z,Rain,light rain,11.42,11.42,11.42,993,77,9.08,249,100
New York,2025-10-31T18:00:00Z,Clouds,overcast clouds,10.7,10.7,10.7,995,71,10.13,266,100
New York,2025-10-31T21:00:00Z,Clouds,overcast clouds,10.68,10.68,10.68,998,67,10.75,271,100
New York,2025-11-01T00:00:00Z,Clouds,overcast clouds,10.73,10.73,10.73,1002,62,10.75,281,100
New York,2025-11-01T03:00:00Z,Clouds,overcast clouds,10.95,10.95,10.95,1005,55,10.28,286,100
New York,2025-11-01T06:00:00Z,Clouds,broken clouds,9.94,9.94,9.94,1008,58,7.92,285,67
New York,2025-11-01T09:00:00Z,Clear,clear sky,8.93,8.93,8.93,1010,61,6.68,282,6
New York,2025-11-01T12:00:00Z,Clear,clear sky,8.31,8.31,8.31,1013,64,5.89,285,6
New York,2025-11-01T15:00:00Z,Clear,clear sky,11.05,11.05,11.05,1015,52,6.98,294,5
New York,2025-11-01T18:00:00Z,Clear,clear sky,13.78,13.78,13.78,1015,41,8.3,297,6
New York,2025-11-01T21:00:00Z,Clear,clear sky,13.38,13.38,13.38,1017,44,6.47,302,8
New York,2025-11-02T00:00:00Z,Clouds,few clouds,12.05,12.05,12.05,1020,50,4.25,304,22
New York,2025-11-02T03:00:00Z,Clouds,broken clouds,10.73,10.73,10.73,1022,57,3.19,319,56
New York,2025-11-02T06:00:00Z,Clouds,broken clouds,8.95,8.95,8.95,1024,58,4.48,342,78
New York,2025-11-02T09:00:00Z,Clouds,overcast clouds,8.54,8.54,8.54,1025,55,2.14,298,99
New York,2025-11-02T12:00:00Z,Clouds,overcast clouds,8.52,8.52,8.52,1027,57,2.25,301,96
New York,2025-11-02T15:00:00Z,Clouds,few clouds,11.47,11.47,11.47,1028,46,2.91,304,24
New York,2025-11-02T18:00:00Z,Clouds,few clouds,14.44,14.44,14.44,1027,40,3.03,281,24
New York,2025-11-02T21:00:00Z,Clear,clear sky,15.21,15.21,15.21,1026,44,3.14,273,8
New York,2025-11-03T00:00:00Z,Clear,clear sky,13.47,13.47,13.47,1029,50,2.16,311,8
New York,2025-11-03T03:00:00Z,Clouds,broken clouds,11.79,11.79,11.79,1030,55,2.91,11,58
New York,2025-11-03T06:00:00Z,Clouds,broken clouds,10.76,10.76,10.76,1030,56,1.51,355,58
New York,2025-11-03T09:00:00Z,Clouds,scattered clouds,9.87,9.87,9.87,1030,58,1.61,16,37
London,2025-10-29T12:00:00Z,Rain,moderate rain,12.73,12.48,12.73,1000,85,2.95,229,100
London,2025-10-29T15:00:00Z,Rain,light rain,12.41,12.19,12.41,999,81,2.21,310,100
London,2025-10-29T18:00:00Z,Rain,light rain,10.74,10.74,10.74,999,85,2.95,261,100
London,2025-10-29T21:00:00Z,Clouds,broken clouds,8.96,8.96,8.96,1001,78,3.96,273,69
London,2025-10-30T00:00:00Z,Clouds,scattered clouds,7.32,7.32,7.32,1002,78,4.17,254,35
London,2025-10-30T03:00:00Z,Clear,clear sky,7.69,7.69,7.69,1004,83,3.7,250,1
London,2025-10-30T06:00:00Z,Clear,clear sky,7.17,7.17,7.17,1007,86,3.12,243,2
London,2025-10-30T09:00:00Z,Clouds,scattered clouds,8.79,8.79,8.79,1009,78,2.46,229,25
London,2025-10-30T12:00:00Z,Clouds,broken clouds,11.87,11.87,11.87,1009,66,2.95,202,60
London,2025-10-30T15:00:00Z,Clouds,overcast clouds,12.61,12.61,12.61,1007,66,4.26,186,100
London,2025-10-30T18:00:00Z,Clouds,overcast clouds,10.92,10.92,10.92,1007,71,4.09,169,100
London,2025-10-30T21:00:00Z,Clouds,overcast clouds,11.93,11.93,11.93,1005,77,5.61,168,100
London,2025-10-31T00:00:00Z,Clouds,overcast clouds,12.69,12.69,12.69,1003,84,6.86,181,100
London,2025-10-31T03:00:00Z,Rain,light rain,13.46,13.46,13.46,1003,91,5.98,202,99
London,2025-10-31T06:00:00Z,Rain,light rain,13.11,13.11,13.11,1003,92,4.5,202,100
London,2025-10-31T09:00:00Z,Clouds,overcast clouds,14.46,14.46,14.46,1004,84,5.52,193,100
London,2025-10-31T12:00:00Z,Rain,light rain,15.73,15.73,15.73,1004,80,6.56,199,100
London,2025-10-31T15:00:00Z,Rain,light rain,16.19,16.19,16.19,1004,76,6.52,200,9
London,2025-10-31T18:00:00Z,Clouds,few clouds,14.99,14.99,14.99,1004,81,5.92,196,17
London,2025-10-31T21:00:00Z,Rain,light rain,15.21,15.21,15.21,1004,82,6.76,198,38
London,2025-11-01T00:00:00Z,Clouds,broken clouds,14.67,14.67,14.67,1002,86,6.72,186,51
London,2025-11-01T03:00:00Z,Clouds,overcast clouds,14.75,14.75,14.75,1000,82,7.77,183,100
London,2025-11-01T06:00:00Z,Rain,light rain,14.83,14.83,14.83,998,81,8.76,190,100
London,2025-11-01T09:00:00Z,Rain,light rain,12.82,12.82,12.82,1000,77,5.4,238,100
London,2025-11-01T12:00:00Z,Clouds,overcast clouds,13.6,13.6,13.6,1002,70,6.21,230,100
London,2025-11-01T15:00:00Z,Rain,light rain,13.37,13.37,13.37,1004,72,5.52,238,7
London,2025-11-01T18:00:00Z,Rain,light rain,11.33,11.33,11.33,1008,73,5.45,242,12
London,2025-11-01T21:00:00Z,Clouds,broken clouds,10.61,10.61,10.61,1009,68,4.61,213,70
London,2025-11-02T00:00:00Z,Clouds,overcast clouds,11.31,11.31,11.31,1007,71,6.1,207,85
London,2025-11-02T03:00:00Z,Rain,light rain,11.03,11.03,11.03,1005,75,6.22,212,100
London,2025-11-02T06:00:00Z,Rain,moderate rain,10.08,10.08,10.08,1005,81,4.34,253,100
London,2025-11-02T09:00:00Z,Clouds,scattered clouds,9.79,9.79,9.79,1007,79,3.96,244,37
London,2025-11-02T12:00:00Z,Clouds,scattered clouds,12.38,12.38,12.38,1008,61,5.37,242,30
London,2025-11-02T15:00:00Z,Clouds,broken clouds,12.13,12.13,12.13,1009,66,6.1,242,59
London,2025-11-02T18:00:00Z,Clouds,scattered clouds,10.76,10.76,10.76,1011,71,5.92,245,39
London,2025-11-02T21:00:00Z,Clear,clear sky,9.84,9.84,9.84,1012,75,5.87,245,8
London,2025-11-03T00:00:00Z,Clouds,few clouds,9.39,9.39,9.39,1014,78,5.22,247,11
London,2025-11-03T03:00:00Z,Clouds,scattered clouds,8.8,8.8,8.8,1015,81,4.24,247,49
London,2025-11-03T06:00:00Z,Clouds,broken clouds,8.34,8.34,8.34,1016,83,3.52,239,75
London,2025-11-03T09:00:00Z,Clear,clear sky,9.54,9.54,9.54,1018,78,3.39,232,10
